<?xml version="1.0" encoding="UTF-8"?>
<beans xmlns="http://www.springframework.org/schema/beans"
 xmlns:xsi="http://www.w3.org/2001/XMLSchema-instance"
 xmlns:context="http://www.springframework.org/schema/context"
 xmlns:p="http://www.springframework.org/schema/p"
 xsi:schemaLocation="http://www.springframework.org/schema/beans
 http://www.springframework.org/schema/beans/spring-beans.xsd
 http://www.springframework.org/schema/context
 http://www.springframework.org/schema/context/spring-context.xsd">
 
 <context:annotation-config/>
 
 <bean class = "Autowired.Address" name= "Adr" >
    <property name="name" value="abc"/>

 
    </bean>
 
<bean class = "Autowired.Address" name= "Adr1" >
    <property name="name" value="xyz"/>

 
    </bean>
 
 
 
 
   <bean class="Autowired.Employee" name = "Emp"/>
   
   
  
 
 </beans>